Last,First,Age,G,PA,AB,R,H,2B,3B,HR,RBI,SB,CS,BB,SO
Acker,Jim,27,21,28,28,1,3,1,0,0,0,0,0,0,21
Adduci,Jim,26,3,13,11,2,1,1,0,0,0,0,0,1,2
Aguayo,Luis,27,62,146,133,17,28,6,1,4,13,1,1,8,26
Aguilera,Rick,24,32,57,51,4,8,0,0,2,6,0,0,3,12
Akerfelds,Darrel,24,1,0,0,0,0,0,0,0,0,0,0,0,0
Aldrete,Mike,25,84,256,216,27,54,18,3,2,25,1,3,33,34
Alexander,Doyle,35,18,45,38,2,8,1,0,0,5,0,0,0,8
Allanson,Andy,24,101,324,293,30,66,7,3,1,29,10,1,14,36
Almon,Bill,33,102,230,196,29,43,7,2,7,27,11,4,30,38
Amelung,Ed,27,8,11,11,0,1,0,0,0,0,0,0,0,4
Andersen,Larry,33,48,7,6,0,0,0,0,0,0,0,0,0,3
Anderson,Dave,25,92,241,216,31,53,9,0,1,15,5,1,22,39
Anderson,Rick,29,15,12,11,1,1,0,0,0,0,0,0,0,4
Anderson,Allan,22,1,0,0,0,0,0,0,0,0,0,0,0,0
Armas,Tony,32,121,453,425,40,112,21,4,11,58,0,3,24,77
Asadoor,Randy,23,15,60,55,9,20,5,0,0,7,1,2,3,13
Ashby,Alan,34,120,361,315,24,81,15,0,7,38,1,0,39,56
Assenmacher,Paul,25,61,8,6,0,0,0,0,0,0,0,0,2,3
Atherton,Keith,27,3,0,0,0,0,0,0,0,0,0,0,0,0
Backman,Wally,26,124,440,387,67,124,18,2,1,27,13,7,36,32
Bailes,Scott,24,1,0,0,0,0,0,0,0,0,0,0,0,0
Bailey,Mark,24,57,182,153,9,27,5,0,4,15,1,1,28,45
Baines,Harold,27,145,618,570,72,169,29,2,21,88,2,1,38,89
Bair,Doug,36,1,0,0,0,0,0,0,0,0,0,0,0,0
Baker,Dusty,37,83,271,242,25,58,8,0,4,19,0,1,27,37
Baker,Doug,25,13,30,24,1,3,1,0,0,0,0,0,2,7
Balboni,Steve,29,138,562,512,54,117,25,1,29,88,0,0,43,146
Baller,Jay,25,36,6,5,0,0,0,0,0,0,0,0,0,1
Bando,Chris,30,92,290,254,28,68,9,0,2,26,0,1,22,49
Barfield,Jesse,26,158,671,589,107,170,35,2,40,108,8,8,69,146
Bargar,Greg,27,22,2,2,0,0,0,0,0,0,0,0,0,2
Barrett,Marty,28,158,713,625,94,179,39,4,4,60,15,7,65,31
Bass,Kevin,27,157,640,591,83,184,33,5,20,79,22,13,38,72
Bathe,Bill,25,39,112,103,9,19,3,0,5,11,0,0,2,20
Baylor,Don,37,160,687,585,93,139,23,1,31,94,3,5,62,111
Beane,Billy,24,80,194,183,20,39,6,0,3,15,2,3,11,54
Beckwith,Joe,31,15,0,0,0,0,0,0,0,0,0,0,0,0
Bedrosian,Steve,28,68,6,5,0,1,0,0,0,0,0,0,1,1
Bell,Buddy,34,155,655,568,89,158,29,3,20,75,2,8,73,49
Bell,George,26,159,690,641,101,198,38,6,31,108,7,8,41,62
Bell,Jay,20,5,16,14,3,5,2,0,1,4,0,0,2,3
Bell,Terry,23,8,5,3,0,0,0,0,0,0,0,0,2,1
Belliard,Rafael,24,117,350,309,33,72,5,2,0,31,12,2,26,54
Benedict,Bruce,30,64,183,160,11,36,10,1,0,13,1,0,15,10
Beniquez,Juan,36,113,395,343,48,103,15,0,6,36,2,3,40,49
Berenguer,Juan,31,46,10,7,0,1,0,0,0,0,0,0,0,1
Berenyi,Bruce,31,14,12,11,0,0,0,0,0,0,0,0,0,3
Bergman,Dave,33,65,151,130,14,30,6,1,1,9,0,0,21,16
Bernazard,Tony,29,146,636,562,88,169,28,4,17,73,17,8,53,77
Berra,Dale,29,42,121,108,10,25,7,0,2,13,0,0,9,14
Biancalana,Buddy,26,100,209,190,24,46,4,4,2,8,5,1,15,50
Bielecki,Mike,26,31,54,48,3,3,0,0,0,1,0,0,2,26
Bilardello,Dann,27,79,212,191,12,37,5,0,4,17,1,0,14,32
Bittiger,Jeff,24,3,4,3,1,1,0,0,1,1,0,0,0,1
Blue,Vida,36,28,53,43,3,4,1,0,1,3,0,0,6,20
Bochte,Bruce,35,125,473,407,57,104,13,1,6,43,3,2,65,68
Bochy,Bruce,31,63,142,127,16,32,9,0,8,22,1,0,14,23
Bockus,Randy,25,6,1,1,0,0,0,0,0,0,0,0,0,1
Boever,Joe,25,11,2,2,0,1,0,0,0,0,0,0,0,0
Boggs,Wade,28,149,693,580,107,207,47,2,8,71,0,4,105,44
Bonds,Barry,21,113,484,413,72,92,26,3,16,48,36,7,65,102
Bonilla,Juan,30,102,316,284,33,69,10,1,1,18,0,0,25,21
Bonilla,Bobby,23,138,496,426,55,109,16,4,3,43,8,5,62,88
Bonnell,Barry,32,17,53,51,4,10,2,0,0,4,0,1,1,13
Booker,Greg,26,9,0,0,0,0,0,0,0,0,0,0,0,0
Boone,Bob,38,144,503,442,48,98,12,2,7,49,1,0,43,30
Bosley,Thad,29,87,139,120,15,33,4,1,1,9,3,0,18,24
Boston,Daryl,23,56,224,199,29,53,11,3,5,22,9,5,21,33
Bradley,Phil,27,143,615,526,88,163,27,4,12,50,21,12,77,134
Bradley,Scott,26,77,241,220,20,66,8,3,5,28,1,2,13,7
Braggs,Glenn,23,58,232,215,19,51,8,2,4,18,1,1,11,47
Brantley,Mickey,25,27,113,102,12,20,3,2,3,7,1,1,10,21
Bream,Sid,25,154,591,522,73,140,37,5,16,77,13,7,60,73
Brenly,Bob,32,149,560,472,60,116,26,0,16,62,10,6,74,97
Brett,George,33,124,529,441,70,128,28,4,16,73,1,2,80,45
Brewer,Mike,26,12,20,18,0,3,1,0,0,0,0,1,2,6
Brock,Greg,29,115,367,325,33,76,13,0,16,52,2,5,37,60
Brookens,Tom,32,98,310,281,42,76,11,2,3,25,11,8,20,42
Brooks,Hubie,29,80,338,306,50,104,18,5,14,58,4,2,25,60
Brower,Bob,26,21,9,9,3,1,1,0,0,0,1,2,0,3
Brown,Chris,24,116,463,416,57,132,16,3,7,49,13,9,33,43
Brown,Curt,26,6,1,1,0,0,0,0,0,0,0,0,0,0
Brown,Mike,26,87,273,243,18,53,7,0,4,26,2,3,27,32
Browne,Jerry,20,12,25,24,6,10,2,0,0,3,0,2,1,4
Browning,Tom,26,46,94,86,9,14,0,0,0,3,1,0,1,25
Brunansky,Tom,25,157,655,593,69,152,28,1,23,75,12,4,53,98
Bryant,Ralph,25,27,82,75,15,19,4,2,6,13,0,1,5,25
Buckner,Bill,36,153,681,629,73,168,39,2,18,102,6,4,40,25
Buechele,Steve,24,153,513,461,54,112,19,2,18,54,5,8,35,98
Bullock,Eric,26,6,21,21,0,1,0,0,0,1,2,0,0,3
Burke,Tim,27,68,9,7,0,0,0,0,0,1,0,0,1,2
Burleson,Rick,35,93,312,271,35,77,14,0,5,29,1,3,33,32
Burris,Ray,35,23,27,27,0,4,3,0,0,7,0,0,0,9
Bush,Randy,27,130,402,357,50,96,19,7,7,45,5,3,39,63
Butera,Sal,33,56,137,113,14,27,6,1,2,16,0,0,21,10
Butler,Brett,29,161,683,587,92,163,17,14,4,51,32,15,70,65
Cabell,Enos,36,107,298,277,27,71,11,0,2,29,10,4,14,26
Calderon,Ivan,24,50,174,164,16,41,7,1,2,15,3,1,9,39
Calhoun,Jeff,28,20,0,0,0,0,0,0,0,0,0,0,0,0
Campbell,Bill,37,1,0,0,0,0,0,0,0,0,0,0,0,0
Candaele,Casey,25,30,110,104,9,24,4,1,0,6,3,5,5,15
Cangelosi,John,23,137,525,438,65,103,16,3,2,32,50,17,71,61
Canseco,Jose,21,157,682,600,85,144,29,1,33,117,15,7,65,175
Carlton,Steve,41,22,47,45,4,9,1,0,1,8,0,0,1,7
Carman,Don,26,50,33,31,0,0,0,0,0,0,0,0,0,11
Carter,Gary,32,132,573,490,81,125,14,2,24,105,1,0,62,63
Carter,Joe,26,162,709,663,108,200,36,9,29,121,29,7,32,95
Castillo,Carmelo,28,85,217,205,34,57,9,0,8,32,2,1,9,48
Castillo,Juan,24,26,62,54,6,9,0,1,0,5,1,1,5,12
Cedeno,Cesar,35,37,87,78,5,18,2,1,0,6,1,1,7,13
Cerone,Rick,32,68,242,216,22,56,14,0,4,18,1,1,15,28
Cey,Ron,38,97,306,256,42,70,21,0,13,36,0,0,44,66
Chambliss,Chris,37,97,138,122,13,38,8,0,2,14,0,2,15,24
Childress,Rocky,24,2,0,0,0,0,0,0,0,0,0,0,0,0
Christmas,Steve,28,3,9,9,0,1,1,0,0,2,0,0,0,1
Clark,Jack,30,65,280,232,34,55,12,2,9,23,1,1,45,61
Clark,Dave,23,18,68,58,10,16,1,0,3,9,1,0,7,11
Clark,Will,22,111,458,408,66,117,27,2,11,41,4,7,34,76
Clements,Pat,24,65,6,6,0,0,0,0,0,0,0,0,0,3
Cochrane,Dave,23,19,68,62,4,12,2,0,1,2,0,0,5,22
Coleman,Vince,24,154,670,600,94,139,13,8,0,29,107,14,60,98
Coles,Darnell,24,142,587,521,67,142,30,2,20,86,6,2,45,84
Collins,Dave,33,124,476,419,44,113,18,2,1,27,27,12,44,49
Concepcion,Dave,38,90,346,311,42,81,13,2,3,30,13,2,26,43
Conroy,Tim,26,26,40,29,2,4,2,0,0,6,0,0,3,11
Cooper,Cecil,36,134,589,542,46,140,24,1,12,75,1,2,41,87
Corbett,Doug,33,1,0,0,0,0,0,0,0,0,0,0,0,0
Corcoran,Tim,33,6,9,7,1,0,0,0,0,0,0,0,2,0
Cotto,Henry,25,35,83,80,11,17,3,0,1,6,3,0,2,17
Cowens,Al,34,28,87,82,5,15,4,0,0,6,1,0,3,18
Cowley,Joe,27,1,0,0,0,0,0,0,0,0,0,0,0,0
Cox,Danny,26,32,83,65,2,5,2,0,0,2,0,0,2,32
Craig,Rod,28,10,12,10,3,2,0,0,0,0,0,0,2,2
Cruz,Julio,31,81,256,209,38,45,2,0,0,19,7,2,42,28
Cruz,Jose,38,141,536,479,48,133,22,4,10,72,3,4,55,86
Daniels,Kal,22,74,207,181,34,58,10,4,6,23,15,2,22,30
Darling,Ron,25,34,94,81,4,8,2,0,0,0,0,0,3,29
Darwin,Danny,30,12,18,16,0,1,0,0,0,0,0,0,0,12
Daulton,Darren,24,49,181,138,18,31,4,0,8,21,2,3,38,41
David,Andre,28,5,6,5,0,1,0,0,0,0,0,0,0,2
Davidson,Mark,25,36,77,68,5,8,3,0,0,2,2,3,6,22
Davis,Eric,24,132,487,415,97,115,15,3,27,71,80,11,68,100
Davis,Glenn,25,158,654,574,91,152,32,3,31,101,3,1,64,72
Davis,Jody,29,148,581,528,61,132,27,2,21,74,0,1,41,110
Davis,Ron,30,18,2,2,0,0,0,0,0,0,0,0,0,2
Davis,Chili,26,153,618,526,71,146,28,3,13,70,16,13,84,96
Davis,Alvin,25,135,562,479,66,130,18,1,18,72,0,3,76,68
Davis,Mark,25,67,8,8,0,1,1,0,0,0,0,0,0,4
Davis,Mike,27,142,533,489,77,131,28,3,19,55,27,4,34,91
Davis,Trench,25,15,24,23,2,3,0,0,0,1,0,0,0,4
Dawley,Bill,28,1,2,2,0,0,0,0,0,0,0,0,0,0
Dawson,Andre,31,130,546,496,65,141,32,2,20,78,18,12,37,79
Dayett,Brian,29,24,76,67,7,18,4,0,4,11,0,1,6,10
Dayley,Ken,27,32,6,5,0,1,0,0,0,0,0,0,1,2
de Jesus,Ivan,33,7,5,4,1,0,0,0,0,0,0,0,1,1
DeCinces,Doug,35,140,572,512,69,131,20,3,26,96,2,2,52,74
Dedmon,Jeff,26,57,17,16,2,2,0,0,0,1,0,0,0,7
Deer,Rob,25,134,546,466,75,108,17,3,33,86,5,2,72,179
DeLeon,Jose,25,9,2,1,0,0,0,0,0,0,0,0,0,1
Dempsey,Rick,36,122,382,327,42,68,15,1,13,29,1,0,45,78
Denny,John,33,27,62,54,6,12,0,0,0,4,2,3,3,15
Dernier,Bob,29,108,351,324,32,73,14,1,4,18,27,2,22,41
Deshaies,Jim,26,26,53,43,3,2,0,0,0,1,0,0,6,31
Diaz,Bo,33,134,519,474,50,129,21,0,10,56,1,1,40,52
Diaz,Carlos,28,19,1,1,0,0,0,0,0,0,0,0,0,0
Diaz,Edgar,22,5,14,13,0,3,0,0,0,0,0,0,1,3
Diaz,Mike,26,97,233,209,22,56,9,0,12,36,0,1,19,43
DiPino,Frank,29,61,6,6,0,1,0,0,0,0,0,0,0,2
Distefano,Benny,24,31,42,39,3,7,1,0,1,5,0,0,1,5
Dodd,Tom,27,8,16,13,1,3,0,0,1,2,0,0,2,2
Dodson,Pat,26,9,15,12,3,5,2,0,1,3,0,0,3,3
Doran,Bill,28,145,642,550,92,152,29,3,6,37,42,19,81,57
Downing,Brian,35,152,631,513,90,137,27,4,20,95,4,4,90,84
Downs,Kelly,25,15,30,29,1,5,0,0,0,0,0,1,1,13
Dravecky,Dave,30,35,57,50,3,7,0,0,1,7,1,0,1,16
Driessen,Dan,34,32,49,40,7,10,3,0,1,3,0,0,9,6
Duncan,Mariano,23,109,445,407,47,93,7,0,8,30,48,13,30,78
Dunston,Shawon,23,150,611,581,66,145,37,3,17,68,13,11,21,114
Durham,Leon,28,141,557,484,66,127,18,7,20,65,8,7,67,98
Dwyer,Jim,36,94,189,160,18,39,13,1,8,31,0,2,23,31
Dykstra,Lenny,23,147,498,431,77,127,27,7,8,45,31,7,58,55
Earley,Bill,30,3,0,0,0,0,0,0,0,0,0,0,0,0
Easler,Mike,35,146,546,490,64,148,26,2,14,78,3,2,49,87
Eckersley,Dennis,31,33,73,69,7,11,3,0,2,10,0,0,1,34
Eichhorn,Mark,25,1,0,0,0,0,0,0,0,0,0,0,0,0
Elster,Kevin,21,19,33,30,3,5,1,0,0,0,0,0,3,8
Engle,Dave,29,35,93,86,6,22,7,0,0,4,0,0,7,13
Esasky,Nick,26,102,383,330,35,76,17,2,12,41,0,2,47,97
Espino,Juan,30,27,40,37,1,6,2,0,0,5,0,0,2,9
Espinoza,Alvaro,24,37,45,42,4,9,1,0,0,1,0,1,1,10
Evans,Dwight,34,152,640,529,86,137,33,2,26,97,3,3,97,117
Evans,Darrell,39,151,601,507,78,122,15,0,29,85,3,2,91,105
Fansler,Stan,21,5,7,6,0,1,0,0,0,0,0,0,0,2
Felder,Mike,24,44,174,155,24,37,2,4,1,13,16,2,13,16
Fernandez,Tony,24,163,727,687,91,213,33,9,10,65,25,12,27,52
Fernandez,Sid,23,32,77,68,6,11,3,0,0,4,1,0,3,23
Fielder,Cecil,22,34,90,83,7,13,2,0,4,13,0,0,6,27
Fields,Bruce,25,16,47,43,4,12,1,1,0,6,1,1,1,6
Fimple,Jack,27,13,20,13,2,1,0,0,0,2,0,0,6,6
Finley,Chuck,23,2,0,0,0,0,0,0,0,0,0,0,0,0
Fischlin,Mike,30,71,116,102,9,21,2,0,0,3,0,1,8,29
Fisk,Carlton,38,125,491,457,42,101,11,0,14,63,2,4,22,92
Fitzgerald,Mike,25,73,243,209,20,59,13,1,6,37,3,2,27,34
Flannery,Tim,28,134,432,368,48,103,11,2,3,28,3,6,54,61
Fletcher,Scott,27,147,594,530,82,159,34,5,3,50,12,11,47,59
Foley,Tom,26,103,299,263,26,70,15,3,1,23,10,3,30,37
Fontenot,Ray,28,43,7,7,1,1,0,0,0,0,0,0,0,6
Ford,Curt,25,85,240,214,30,53,15,2,2,29,13,5,23,29
Forsch,Bob,36,34,88,76,7,13,4,1,2,12,0,0,0,24
Forster,Terry,34,1,0,0,0,0,0,0,0,0,0,0,0,0
Foster,George,37,87,310,284,30,64,6,3,14,42,1,1,24,61
Franco,Julio,27,149,636,599,80,183,30,5,10,74,10,7,32,66
Franco,John,25,74,4,4,0,0,0,0,0,0,0,0,0,0
Francona,Terry,27,86,133,124,13,31,3,0,2,8,0,1,6,8
Frazier,George,31,35,4,4,0,0,0,0,0,0,0,0,0,2
Freeman,Marvin,23,3,7,6,0,0,0,0,0,0,0,0,0,3
Funk,Tom,24,8,1,1,0,0,0,0,0,0,0,0,0,1
Gaetti,Gary,27,157,661,596,91,171,34,1,34,108,14,15,52,108
Gagne,Greg,24,156,524,472,63,118,22,6,12,54,12,10,30,108
Gainey,Ty,25,26,56,50,6,15,3,1,1,6,3,1,6,19
Galarraga,Andres,25,105,356,321,39,87,13,0,10,42,6,5,30,79
Gallego,Mike,25,20,40,37,2,10,2,0,0,4,0,2,1,6
Galvez,Balvino,22,10,2,2,0,0,0,0,0,0,0,0,0,1
Gantner,Jim,33,139,543,497,58,136,25,1,7,38,13,7,26,50
Garber,Gene,38,61,8,6,0,1,0,0,0,0,0,0,1,1
Garcia,Damaso,29,122,446,424,57,119,22,0,6,46,9,6,13,32
Garner,Phil,37,107,347,313,43,83,14,3,9,41,12,6,30,45
Garrelts,Scott,24,54,53,45,6,8,1,0,1,4,1,0,1,25
Garvey,Steve,37,155,584,557,58,142,22,0,21,81,1,2,23,72
Gedman,Rich,26,135,509,462,49,119,29,0,16,65,1,0,37,61
Gerhart,Ken,25,20,75,69,4,16,2,0,1,7,0,1,4,18
Gibbons,John,24,8,22,19,4,9,4,0,1,1,0,0,3,5
Gibson,Kirk,29,119,521,441,84,118,11,2,28,86,34,6,68,107
Giles,Brian,26,9,11,11,0,3,0,0,0,1,0,0,0,2
Gladden,Dan,28,102,402,351,55,97,16,1,4,29,27,10,39,59
Gonzales,Rene,25,11,28,26,1,3,0,0,0,0,0,2,2,7
Gonzalez,Jose,21,57,102,93,15,20,5,1,2,6,4,3,7,29
Gooden,Dwight,21,33,97,81,5,7,0,1,0,4,0,0,2,16
Gorman,Tom,28,8,1,1,0,0,0,0,0,0,0,0,0,0
Gossage,Rich,34,45,7,7,0,0,0,0,0,0,0,0,0,3
Gott,Jim,26,9,4,3,0,0,0,0,0,0,0,0,0,1
Grant,Mark,22,4,2,1,0,0,0,0,0,0,0,0,0,1
Green,Gary,24,13,35,33,2,7,1,0,0,2,0,0,1,11
Greenwell,Mike,22,31,40,35,4,11,2,0,0,4,0,0,5,7
Grich,Bobby,37,98,366,313,42,84,18,0,9,30,1,3,39,54
Griffey,Ken,36,139,532,490,69,150,22,3,21,58,14,9,35,67
Griffin,Alfredo,28,162,649,594,74,169,23,6,4,51,33,16,35,52
Gross,Kevin,25,37,90,80,6,15,4,1,1,5,1,0,1,22
Gross,Greg,33,87,125,101,11,25,5,0,0,8,1,0,21,11
Gross,Wayne,34,3,3,2,0,0,0,0,0,0,0,0,1,0
Grubb,Johnny,37,81,243,210,32,70,13,1,13,51,0,1,28,28
Gruber,Kelly,24,87,152,143,20,28,4,1,5,15,2,5,5,27
Guante,Cecilio,26,52,1,1,0,0,0,0,0,0,0,0,0,1
Guerrero,Pedro,30,31,64,61,7,15,3,0,5,10,0,0,2,19
Guillen,Ozzie,22,159,577,547,58,137,19,4,2,47,8,4,12,52
Gulden,Brad,30,17,24,22,2,2,0,0,0,1,0,0,2,5
Gullickson,Bill,27,37,91,79,3,6,0,0,0,2,0,0,3,15
Gumpert,Dave,28,38,5,5,0,0,0,0,0,0,0,0,0,4
Gutierrez,Jackie,26,61,152,145,8,27,3,0,0,4,3,1,3,27
Gwynn,Tony,26,160,701,642,107,211,33,7,14,59,37,9,52,35
Hairston,Jerry,34,101,253,225,32,61,15,0,5,26,0,0,26,26
Hall,Albert,28,16,57,50,6,12,2,0,0,1,8,3,5,6
Hall,Drew,23,5,8,7,1,1,0,0,0,0,0,0,1,3
Hall,Mel,25,140,480,442,68,131,29,2,18,77,6,2,33,65
Hamilton,Jeff,22,71,151,147,22,33,5,0,5,19,0,0,2,43
Harper,Brian,26,19,41,36,2,5,1,0,0,3,0,0,3,3
Harper,Terry,30,106,298,265,26,68,12,0,8,30,3,6,29,39
Harrah,Toby,37,95,341,289,36,63,18,2,7,41,2,5,44,53
Hassey,Ron,33,113,393,341,45,110,25,1,9,49,1,1,46,27
Hatcher,Billy,25,127,453,419,55,108,15,4,6,36,38,14,22,52
Hatcher,Mickey,31,115,340,317,40,88,13,3,3,32,2,1,19,26
Hawkins,Andy,26,37,74,67,2,10,1,0,0,2,0,0,1,23
Hayes,Von,27,158,690,610,107,186,46,2,19,98,24,12,74,77
Hayward,Ray,25,4,4,4,0,0,0,0,0,0,0,0,0,0
Hearn,Ed,25,49,151,136,16,36,5,0,4,10,0,1,12,19
Hearron,Jeff,24,12,26,23,2,5,1,0,0,4,0,0,3,7
Heath,Mike,31,95,319,288,30,65,11,1,8,36,6,4,27,53
Heep,Danny,28,86,227,195,24,55,8,2,5,33,1,4,30,31
Henderson,Dave,27,139,432,388,59,103,22,4,15,47,2,3,39,110
Henderson,Rickey,27,153,701,608,130,160,31,5,28,74,87,18,89,81
Henderson,Steve,33,11,27,26,2,2,1,0,0,3,0,0,0,5
Hendrick,George,36,102,317,283,45,77,13,1,14,47,1,1,26,41
Hengel,Dave,24,21,66,63,3,12,1,0,1,6,0,0,1,13
Henke,Tom,28,2,0,0,0,0,0,0,0,0,0,0,0,0
Hensley,Chuck,27,11,0,0,0,0,0,0,0,0,0,0,0,0
Hernandez,Leo,26,7,23,22,2,5,2,0,1,4,0,0,1,8
Hernandez,Manny,25,9,7,6,0,0,0,0,0,1,0,0,0,2
Hernandez,Keith,32,149,652,551,94,171,34,1,13,83,2,1,94,69
Hernandez,Willie,31,1,0,0,0,0,0,0,0,0,0,0,0,0
Herndon,Larry,32,106,316,283,33,70,13,1,8,37,2,1,27,40
Herr,Tom,30,152,647,559,48,141,30,4,2,61,22,8,73,75
Hershiser,Orel,27,37,82,71,4,17,3,0,0,8,0,1,1,17
Hesketh,Joe,27,15,28,23,0,0,0,0,0,0,0,0,2,18
Hill,Marc,34,22,21,19,2,3,0,0,0,0,0,0,1,3
Hill,Donnie,25,108,366,339,37,96,16,2,4,29,5,2,23,38
Hoffman,Glenn,27,12,26,23,1,5,2,0,0,1,0,0,2,3
Hoffman,Guy,29,33,20,15,2,1,0,0,0,1,0,0,2,4
Holton,Brian,26,12,5,5,0,0,0,0,0,0,0,0,0,2
Honeycutt,Rick,32,32,57,43,3,3,1,0,0,3,0,0,8,11
Horner,Bob,28,141,581,517,70,141,22,0,27,87,1,4,52,72
Horton,Ricky,26,42,25,18,0,1,0,0,0,0,0,0,5,3
Householder,Paul,27,26,90,78,4,17,3,1,1,16,1,2,7,16
Howell,Jay,30,2,0,0,0,0,0,0,0,0,0,0,0,0
Howell,Ken,25,62,5,5,0,0,0,0,0,0,0,0,0,3
Howell,Jack,24,63,175,151,26,41,14,2,4,21,2,0,19,28
Hoyt,LaMarr,31,35,50,46,3,6,1,0,0,1,0,0,1,18
Hrbek,Kent,26,149,634,550,85,147,27,1,29,91,2,2,71,81
Hubbard,Glenn,28,143,488,408,42,94,16,1,4,36,3,2,66,74
Hudler,Rex,25,14,1,1,1,0,0,0,0,0,1,0,0,0
Hudson,Charles,27,36,51,43,2,2,0,0,0,0,0,0,1,19
Hulett,Tim,26,150,552,520,53,120,16,5,17,44,4,1,21,91
Hume,Tom,33,48,16,11,0,0,0,0,0,0,0,0,0,6
Hunt,Randy,26,21,54,48,4,10,0,0,2,5,0,0,5,16
Hurdle,Clint,28,78,184,154,18,30,5,1,3,15,0,0,26,38
Incaviglia,Pete,22,153,606,540,82,135,21,2,30,88,3,2,55,185
Iorg,Garth,31,137,351,327,30,85,19,1,3,44,3,0,20,47
Iorg,Dane,36,90,109,106,10,24,2,1,2,11,0,0,2,21
Jackson,Bo,23,25,91,82,9,17,2,1,2,9,3,1,7,34
Jackson,Michael,21,9,0,0,0,0,0,0,0,0,0,0,0,0
Jackson,Reggie,40,132,517,419,65,101,12,2,18,58,1,1,92,115
Jacoby,Brook,26,158,641,583,83,168,30,4,17,80,2,1,56,137
James,Bob,27,2,0,0,0,0,0,0,0,0,0,0,0,0
James,Chris,23,16,48,46,5,13,3,0,1,5,0,0,1,13
Javier,Stan,22,59,131,114,13,23,8,0,0,8,8,0,16,27
Jefferson,Stan,23,14,27,24,6,5,1,0,1,3,0,0,2,8
Jeltz,Steve,27,145,510,439,44,96,11,4,0,36,6,3,65,97
Jo Robidoux,Billy,22,56,215,181,15,41,8,0,1,21,0,0,33,36
Johnson,Cliff,38,107,394,336,48,84,12,1,15,55,0,1,52,57
Johnson,Joe,24,17,30,26,2,3,0,0,0,1,0,0,1,12
Johnson,Howard,25,88,253,220,30,54,14,0,10,39,8,1,31,64
Johnson,Rondin,27,11,31,31,1,8,0,1,0,2,0,0,0,3
Johnson,Wallace,29,61,134,127,13,36,3,1,1,10,6,3,7,9
Jones,Barry,23,26,6,5,0,1,0,0,0,1,0,0,0,1
Jones,Jimmy,22,3,6,6,1,1,0,0,0,0,0,0,0,4
Jones,Lynn,33,67,54,47,1,6,2,0,0,1,0,0,6,5
Jones,Ricky,28,16,39,33,2,6,2,0,0,4,0,0,6,8
Jones,Ross,26,11,21,21,0,2,0,0,0,0,0,1,0,4
Jones,Tracy,25,46,96,86,16,30,3,0,2,10,7,1,9,5
Jones,Bob,36,13,23,21,1,2,0,0,0,3,0,0,2,5
Jones,Chris,28,3,1,1,0,0,0,0,0,0,1,0,0,0
Jones,Ruppert,31,126,471,393,73,90,21,3,17,49,10,3,64,87
Joyner,Wally,24,154,674,593,82,172,27,3,22,100,5,2,57,58
Karkovice,Ron,22,37,109,97,13,24,7,0,4,13,1,0,9,37
Kearney,Bob,29,81,226,204,23,49,10,0,6,25,0,2,12,35
Kemp,Steve,31,13,20,16,1,3,0,0,1,1,1,0,4,6
Kennedy,Terry,30,141,476,432,46,114,22,1,12,57,0,3,37,74
Keough,Matt,30,29,16,16,1,6,1,0,0,0,1,0,0,4
Kepshire,Kurt,26,2,2,1,0,0,0,0,0,0,0,0,0,0
Kerfeld,Charlie,22,61,10,9,0,1,0,0,0,1,0,0,1,6
Khalifa,Sam,22,64,173,151,8,28,6,0,0,4,0,2,19,28
Kiefer,Steve,25,2,6,6,0,0,0,0,0,0,0,0,0,4
Kingery,Mike,25,62,223,209,25,54,8,5,3,14,7,3,12,30
Kingman,Dave,37,144,604,561,70,118,19,0,35,94,3,3,33,126
Kipper,Bob,21,21,37,33,0,1,0,0,0,1,0,0,1,11
Kittle,Ron,28,116,422,376,42,82,13,0,21,60,4,1,35,110
Knepper,Bob,32,42,95,91,2,9,2,1,0,1,0,0,0,44
Knicely,Alan,31,34,100,82,8,16,3,0,1,6,1,1,17,21
Knight,Ray,33,137,541,486,51,145,24,2,11,76,2,1,40,63
Knudson,Mark,25,9,14,10,0,0,0,0,0,0,0,0,1,7
Komminsk,Brad,25,5,5,5,1,2,0,0,0,1,0,1,0,1
Krawczyk,Ray,26,12,0,0,0,0,0,0,0,0,0,0,0,0
Krenchicki,Wayne,31,101,247,221,21,53,6,2,2,23,2,4,22,32
Kruk,John,25,122,327,278,33,86,16,2,4,38,2,4,45,58
Krukow,Mike,34,35,98,82,7,12,1,0,0,8,1,0,4,25
Kunkel,Jeff,24,8,13,13,3,3,0,0,1,2,0,0,0,2
Kutcher,Randy,26,71,203,186,28,44,9,1,7,16,6,5,11,41
L Washington,U,32,72,155,135,14,27,0,4,0,10,6,0,15,27
LaCoss,Mike,30,37,69,61,8,14,2,0,2,9,0,0,3,24
Lacy,Lee,38,130,537,491,77,141,18,0,11,47,4,6,37,71
Ladd,Pete,29,1,0,0,0,0,0,0,0,0,0,0,0,0
Laga,Mike,26,33,102,91,13,19,5,0,6,16,0,0,10,31
Lahti,Jeff,29,4,0,0,0,0,0,0,0,0,0,0,0,0
Lake,Steve,29,36,72,68,8,20,2,0,2,14,0,0,3,7
Lancellotti,Rick,29,15,18,18,2,4,0,0,2,6,0,0,0,7
Landreaux,Ken,31,103,310,283,34,74,13,2,4,29,10,5,22,39
Landrum,Bill,28,10,2,2,0,0,0,0,0,0,0,0,0,0
Landrum,Tito,31,96,230,205,24,43,7,1,2,17,3,1,20,41
Langford,Rick,34,1,0,0,0,0,0,0,0,0,0,0,0,0
Lansford,Carney,29,151,640,591,80,168,16,4,19,72,16,7,39,51
LaPoint,Dave,26,24,12,8,0,0,0,0,0,0,0,0,0,1
Larkin,Barry,22,41,169,159,27,45,4,3,3,19,8,0,9,21
Laskey,Bill,28,20,1,1,0,0,0,0,0,0,0,0,0,1
Laudner,Tim,28,76,223,193,21,47,10,0,10,29,1,0,24,56
LaValliere,Mike,25,110,350,303,18,71,10,2,3,30,0,1,36,37
Law,Vance,29,112,402,360,37,81,17,2,5,44,3,5,37,66
Law,Rudy,29,87,341,307,42,80,26,5,1,36,14,6,29,22
Lawless,Tom,29,46,45,39,5,11,1,0,0,3,8,1,2,8
Leach,Terry,32,6,0,0,0,0,0,0,0,0,0,0,0,0
Leach,Rick,29,110,266,246,35,76,14,1,5,39,0,0,13,24
Lee Jackson,Roy,32,1,0,0,0,0,0,0,0,0,0,0,0,0
Lee,Manuel,21,35,85,78,8,16,0,1,1,7,0,1,4,10
Lefebvre,Joe,30,14,21,18,0,2,0,0,0,0,0,0,3,5
Lefferts,Craig,28,84,9,8,1,1,0,0,1,1,0,0,0,4
Legg,Greg,26,11,20,20,2,9,1,0,0,1,0,0,0,3
Lemon,Chet,31,126,457,403,45,101,21,3,12,53,2,1,39,53
Leonard,Jeffrey,30,89,368,341,48,95,11,3,6,42,16,3,20,62
Lerch,Randy,31,4,3,3,0,1,1,0,0,0,0,0,0,1
Lindeman,Jim,24,19,58,55,7,14,1,0,1,6,1,1,2,10
Little,Bryan,26,34,82,76,6,14,2,0,0,2,0,0,6,11
Lollar,Tim,30,1,1,1,0,1,0,0,0,0,0,0,0,0
Lombardi,Phil,23,20,41,36,6,10,3,0,2,6,0,0,4,7
Lombardozzi,Steve,26,156,515,453,53,103,20,5,8,33,3,1,52,76
Lopes,Davey,41,96,304,255,49,70,10,3,7,35,25,8,43,25
Lopez,Aurelio,37,45,10,9,0,0,0,0,0,0,0,0,0,6
Lowry,Dwight,28,56,174,150,21,46,4,0,3,18,0,0,17,19
Lynch,Ed,30,24,33,30,0,1,0,0,0,0,0,0,2,17
Lynn,Fred,34,112,456,397,67,114,13,1,23,67,2,2,53,59
Lyons,Barry,26,6,10,9,1,0,0,0,0,2,0,0,1,2
Lyons,Steve,26,101,275,247,30,56,9,3,1,20,4,6,19,47
Madden,Mike,29,13,14,9,0,0,0,0,0,0,0,0,1,8
Maddox,Garry,36,6,9,7,1,3,0,0,0,1,0,1,2,1
Maddux,Greg,20,6,13,12,0,4,0,0,0,0,0,0,0,3
Maddux,Mike,24,16,27,22,0,1,0,0,0,1,0,0,1,7
Madison,Scotti,26,2,8,7,0,0,0,0,0,1,0,0,0,3
Madlock,Bill,35,111,421,379,38,106,17,0,10,60,3,3,30,43
Magadan,Dave,23,10,21,18,3,8,0,0,0,3,0,0,3,1
Mahler,Rick,32,40,96,83,8,16,3,0,0,7,0,0,4,14
Maldonado,Candy,25,133,432,405,49,102,31,3,18,85,4,4,20,77
Manning,Rick,31,89,227,205,31,52,7,3,8,27,5,3,17,20
Manrique,Fred,24,13,18,17,2,3,0,0,1,1,1,0,1,1
Marshall,Mike,26,103,362,330,47,77,11,0,19,53,4,4,27,90
Martin,Mike,27,8,15,13,1,1,1,0,0,0,0,0,2,4
Martinez,Buck,37,81,185,160,13,29,8,0,2,12,0,0,20,25
Martinez,Carmelo,25,113,283,244,28,58,10,0,9,25,1,1,35,46
Martinez,Dennis,32,19,31,30,1,3,2,0,0,3,0,0,1,14
Martinez,Dave,21,53,116,108,13,15,1,1,1,7,4,2,6,22
Mason,Roger,28,11,22,21,0,1,0,0,0,0,0,0,0,13
Mathews,Greg,24,23,52,43,1,2,0,0,0,2,0,0,0,19
Matthews,Gary,35,123,432,370,49,96,16,1,21,46,3,2,60,59
Mattingly,Don,25,162,742,677,117,238,53,2,31,113,0,0,53,35
Matuszek,Len,31,91,222,199,26,52,7,0,9,28,2,2,21,47
Mazzilli,Lee,31,100,192,151,28,37,5,1,3,15,4,4,38,36
McClure,Bob,34,52,4,4,0,1,0,0,0,0,0,0,0,1
McCullers,Lance,22,76,28,22,4,2,2,0,0,3,1,0,3,11
McDowell,Roger,25,75,20,18,1,5,0,0,0,3,0,0,1,4
McDowell,Oddibe,23,154,643,572,105,152,24,7,18,49,33,15,65,112
McGaffigan,Andy,29,50,38,33,0,2,0,0,0,1,0,0,1,18
McGee,Willie,27,124,539,497,65,127,22,7,7,48,19,16,37,82
McGriff,Fred,22,3,5,5,1,1,0,0,0,0,0,0,0,2
McGwire,Mark,22,18,58,53,10,10,1,0,3,9,0,1,4,18
McLemore,Mark,21,5,6,4,0,0,0,0,0,0,0,1,1,2
McMurtry,Craig,26,40,18,16,3,2,0,0,0,0,1,0,1,9
McRae,Hal,40,112,299,278,22,70,14,0,7,37,0,0,18,39
McReynolds,Kevin,26,158,641,560,89,161,31,6,26,96,8,6,66,83
McWilliams,Larry,32,50,34,29,2,4,1,0,0,0,0,0,2,11
Meacham,Bob,25,56,185,161,19,36,7,1,0,10,3,6,17,39
Meadows,Louie,25,6,6,6,1,2,0,0,0,0,1,0,0,0
Melendez,Francisco,22,9,8,8,0,2,0,0,0,0,0,0,0,2
Melvin,Bob,24,89,289,268,24,60,14,2,5,25,3,2,15,69
Mercado,Orlando,24,46,112,102,7,24,1,1,1,7,0,1,6,13
Miller,Darrell,28,33,62,57,6,13,2,1,0,4,0,0,4,8
Milner,Eddie,31,145,462,424,70,110,22,6,15,47,18,11,36,56
Minton,Greg,34,48,7,5,2,2,1,0,0,0,0,0,2,3
Mitchell,John,20,4,2,2,0,0,0,0,0,0,0,0,0,1
Mitchell,Kevin,24,108,364,328,51,91,22,2,12,43,3,3,33,61
Mizerock,John,25,44,107,81,9,15,1,1,1,6,0,0,24,16
Molitor,Paul,29,105,482,437,62,123,24,6,9,55,20,5,40,81
Montalvo,Rafael,22,1,0,0,0,0,0,0,0,0,0,0,0,0
Moore,Bill,25,6,12,12,0,2,0,0,0,0,0,0,0,4
Moore,Charlie,33,80,264,235,24,61,12,3,3,39,5,5,21,38
Moore,Donnie,32,1,0,0,0,0,0,0,0,0,0,0,0,0
Moreland,Keith,32,156,652,586,72,159,30,0,12,79,3,6,53,48
Moreno,Omar,33,118,386,359,46,84,18,6,4,27,17,16,21,77
Morman,Russ,24,49,180,159,18,40,5,0,4,17,1,0,16,36
Morris,John,25,39,108,100,8,24,0,1,1,14,6,2,7,15
Morrison,Jim,33,154,593,537,58,147,35,4,23,88,9,8,47,88
Moseby,Lloyd,26,152,668,589,89,149,24,5,21,86,32,11,64,122
Moses,John,28,103,442,399,56,102,16,3,3,34,25,18,34,65
Motley,Darryl,26,77,240,227,23,46,10,1,7,20,0,2,12,32
Moyer,Jamie,23,16,30,22,3,2,0,0,0,0,0,0,4,5
Mulholland,Terry,23,15,20,19,0,1,0,0,0,0,0,0,0,8
Mulliniks,Rance,30,117,395,348,50,90,22,0,11,45,1,1,43,60
Mullins,Fran,29,28,44,40,3,7,4,0,0,5,0,0,2,11
Mumphrey,Jerry,33,111,339,309,37,94,11,2,5,32,2,3,26,45
Murphy,Dale,30,160,692,614,89,163,29,7,29,83,7,7,75,141
Murphy,Dwayne,31,98,400,329,50,83,11,3,9,39,3,1,56,80
Murphy,Rob,26,34,3,3,0,0,0,0,0,0,0,0,0,1
Murray,Eddie,30,137,578,495,61,151,25,1,17,84,3,0,78,49
Myers,Randy,23,10,0,0,0,0,0,0,0,0,0,0,0,0
Narron,Jerry,30,57,107,95,5,21,3,1,1,8,0,0,9,14
Nelson,Ricky,27,10,12,12,2,2,0,0,0,1,1,0,0,4
Nelson,Rob,22,5,10,9,1,2,1,0,0,0,0,0,1,4
Nettles,Graig,41,126,400,354,36,77,9,0,16,55,0,1,41,62
Newman,Al,26,95,212,185,23,37,3,0,1,8,11,11,21,20
Nichols,Carl,23,5,6,5,0,0,0,0,0,0,0,0,1,4
Nichols,Reid,27,74,150,136,9,31,4,0,2,18,5,4,11,23
Niedenfuer,Tom,26,60,5,4,1,2,0,0,0,2,0,0,0,1
Niemann,Randy,30,31,7,6,1,2,0,0,0,0,0,0,1,1
Nieto,Tom,25,30,72,65,5,13,3,1,1,7,0,1,6,21
Nixon,Otis,27,105,110,95,33,25,4,1,0,8,23,6,13,12
Nokes,Matt,22,7,25,24,2,8,1,0,1,2,0,0,1,1
O'Brien,Pete,28,156,641,551,86,160,23,3,23,90,4,4,87,66
O'Malley,Tom,25,56,200,181,19,46,9,0,1,18,0,1,17,21
O'Neill,Paul,23,3,3,2,0,0,0,0,0,0,0,0,1,1
Oberkfell,Ken,30,151,596,503,62,136,24,3,5,48,7,4,83,40
Oester,Ron,30,153,586,523,52,135,23,2,8,44,9,2,52,84
Oglivie,Ben,37,103,384,346,31,98,20,1,5,53,1,2,30,33
Ojeda,Bob,28,32,80,71,3,8,0,0,0,0,0,0,1,30
Olwine,Ed,28,37,4,3,0,1,0,0,0,0,0,0,1,1
Ontiveros,Steve,25,1,0,0,0,0,0,0,0,0,0,0,0,0
Oquendo,José,22,76,158,138,20,41,4,1,0,13,2,3,15,20
Orosco,Jesse,29,58,6,3,1,0,0,0,0,1,0,0,2,0
Orsulak,Joe,24,138,437,401,60,100,19,6,2,19,24,11,28,38
Orta,Jorge,35,106,361,336,35,93,14,2,9,46,0,3,23,34
Ortiz,Junior,26,49,122,110,11,37,6,0,0,14,0,1,9,13
Ouellette,Phil,24,10,26,23,1,4,0,0,0,0,0,0,3,3
Owchinko,Bob,31,3,6,5,1,1,0,0,0,0,0,0,1,3
Owen,Spike,25,154,593,528,67,122,24,7,1,45,4,4,51,51
Ownbey,Rick,28,17,10,7,0,0,0,0,0,0,0,0,0,1
Paciorek,Tom,39,88,220,213,17,61,7,0,4,22,1,3,3,41
Pagliarulo,Mike,26,149,565,504,71,120,24,3,28,71,4,1,54,120
Palmeiro,Rafael,21,22,78,73,9,18,4,0,3,12,1,1,4,6
Palmer,David,28,35,77,66,3,12,3,0,1,6,0,0,1,17
Pankovits,Jim,30,70,124,113,12,32,6,1,1,7,1,1,11,25
Pardo,Al,23,16,51,51,3,7,1,0,1,3,0,0,0,14
Parent,Mark,24,8,15,14,1,2,0,0,0,0,0,0,1,3
Paris,Kelly,28,5,10,10,0,2,0,0,0,0,0,1,0,3
Parker,Dave,35,162,700,637,89,174,31,3,31,116,1,6,56,126
Parrett,Jeff,24,12,2,2,0,1,0,0,0,0,0,0,0,1
Parrish,Lance,30,91,374,327,53,84,6,1,22,62,0,0,38,83
Parrish,Larry,32,129,524,464,67,128,22,1,28,94,3,1,52,114
Pasqua,Dan,24,102,332,280,44,82,17,0,16,45,2,0,47,78
Patterson,Bob,27,11,10,8,0,1,0,0,0,0,0,0,0,6
Pecota,Bill,26,12,34,29,3,6,2,0,0,2,0,2,3,3
Pena,Alejandro,27,24,20,17,0,3,0,0,0,1,0,0,0,6
Pena,Bert,26,15,34,29,3,6,1,0,0,2,1,0,5,5
Peña,Tony,29,144,565,510,56,147,26,2,10,52,9,10,53,69
Pena,Hipolito,22,10,0,0,0,0,0,0,0,0,0,0,0,0
Pendleton,Terry,25,159,626,578,56,138,26,5,1,59,24,6,34,59
Perconte,Jack,31,24,85,73,6,16,1,0,0,4,2,0,11,10
Perez,Tony,44,77,228,200,14,51,12,1,2,29,0,0,25,25
Perry,Gerald,25,29,80,70,6,19,2,0,2,11,0,1,8,4
Perry,Pat,27,46,8,8,0,0,0,0,0,0,0,0,0,4
Peters,Rick,30,44,45,38,7,7,1,0,0,1,2,2,7,7
Petralli,Geno,26,69,142,137,17,35,9,3,2,18,3,0,5,14
Pettis,Gary,28,154,628,539,93,139,23,4,5,58,50,13,69,132
Phelps,Ken,31,125,441,344,69,85,16,4,24,64,2,3,88,96
Phillips,Tony,27,118,532,441,76,113,14,5,5,52,15,10,76,82
Pittaro,Chris,24,11,21,21,0,2,0,0,0,0,0,0,0,8
Polidor,Gus,24,6,20,19,1,5,1,0,0,1,0,0,1,0
Porter,Darrell,34,68,178,155,21,41,6,0,12,29,1,1,22,51
Powell,Dennis,22,27,14,14,1,3,3,0,0,0,0,0,0,6
Power,Ted,31,56,30,24,3,3,1,0,0,1,1,0,3,12
Presley,Jim,24,155,660,616,83,163,33,4,27,107,0,4,32,172
Price,Joe,29,25,8,7,0,1,0,0,0,2,0,0,1,1
Pryor,Greg,36,63,117,112,7,19,4,0,0,7,1,1,3,14
Puckett,Kirby,26,161,723,680,119,223,37,6,31,96,20,12,34,99
Puhl,Terry,29,81,193,172,17,42,10,0,3,14,3,2,15,24
Puleo,Charlie,31,5,7,6,0,2,0,0,0,3,0,0,0,3
Pyznarski,Tim,26,15,47,42,3,10,1,0,0,0,2,0,4,11
Quinones,Rey,22,98,346,312,32,68,16,1,2,22,4,3,24,57
Quinones,Luis,24,71,115,106,13,19,1,3,0,11,3,1,3,17
Quirk,Jamie,31,80,238,219,24,47,10,0,8,26,0,1,17,41
Raines,Tim,26,151,664,580,91,194,35,10,9,62,70,9,78,60
Ramirez,Rafael,28,134,530,496,57,119,21,1,8,33,19,8,21,60
Ramos,Domingo,28,49,110,99,8,18,2,0,0,5,0,1,8,13
Randolph,Willie,31,141,601,492,76,136,15,2,5,50,15,2,94,49
Rawley,Shane,30,23,64,52,5,9,2,0,0,1,0,0,1,18
Ray,Johnny,29,155,654,579,67,174,33,0,7,78,6,9,58,47
Rayford,Floyd,28,81,228,210,15,37,4,0,8,19,0,0,15,50
Ready,Randy,26,24,92,82,8,15,4,0,1,4,2,0,9,10
Reardon,Jeff,30,62,9,8,0,1,0,0,0,0,0,0,0,6
Redus,Gary,29,90,392,340,62,84,22,4,11,33,25,7,47,78
Reed,Jerry,30,1,0,0,0,0,0,0,0,0,0,0,0,0
Reed,Jeff,23,68,185,165,13,39,6,1,2,9,1,0,16,19
Renteria,Rick,24,10,12,12,2,3,1,0,0,1,0,0,0,4
Reuschel,Rick,37,43,81,70,7,11,2,0,0,6,0,0,3,19
Reuss,Jerry,37,19,21,20,0,5,1,0,0,0,0,0,1,6
Reynolds,Ronn,27,43,132,126,8,27,4,0,3,10,0,0,5,30
Reynolds,Harold,25,126,486,445,46,99,19,4,1,24,30,12,29,42
Reynolds,R.J.,27,118,449,402,63,108,30,2,9,48,16,9,40,78
Reynolds,Craig,33,114,329,313,32,78,7,3,6,41,3,1,12,31
Rhoden,Rick,33,41,101,90,9,25,9,0,1,10,0,1,3,13
Rice,Jim,33,157,693,618,98,200,39,2,20,110,0,1,62,78
Riles,Ernie,25,145,588,524,69,132,24,2,9,47,7,7,54,80
Riley,George,29,10,0,0,0,0,0,0,0,0,0,0,0,0
Ripken Jr.,Cal,25,162,707,627,98,177,35,1,25,81,4,2,70,60
Rivera,Luis,22,55,187,166,20,34,11,1,0,13,1,1,17,33
Roberge,Bert,31,21,2,2,0,0,0,0,0,0,0,0,0,0
Roberts,Bip,22,101,258,241,34,61,5,2,1,12,14,12,14,29
Robinson,Don,29,50,6,6,1,4,1,0,0,1,0,0,0,1
Robinson,Jeff,25,65,17,15,0,1,0,0,0,2,0,0,0,7
Robinson,Ron,24,70,14,14,1,1,0,0,0,0,0,0,0,3
Rodriguez,Ruben,21,2,3,3,0,0,0,0,0,0,0,0,0,1
Roenicke,Gary,31,69,165,136,11,36,5,0,3,18,1,1,27,30
Roenicke,Ron,29,102,343,275,42,68,13,1,5,42,2,2,61,52
Rohn,Dan,30,6,11,10,1,2,0,0,0,2,0,0,1,1
Romero,Ed,28,100,263,233,41,49,11,0,2,23,2,0,18,16
Romine,Kevin,25,35,39,35,6,9,2,0,0,2,2,0,3,9
Rose,Pete,45,72,272,237,15,52,8,2,0,25,3,0,30,31
Rowdon,Wade,25,38,92,80,9,20,5,1,0,10,2,0,9,17
Royster,Jerry,33,118,298,257,31,66,12,0,5,26,3,5,32,45
Rucker,Dave,28,19,1,1,0,0,0,0,0,0,0,0,0,0
Ruffin,Bruce,22,21,56,55,2,4,1,0,0,2,0,0,0,32
Runge,Paul,28,7,10,8,1,2,0,0,0,0,0,0,2,4
Runnells,Tom,31,12,11,11,1,1,1,0,0,0,0,0,0,2
Russell,Bill,37,105,242,216,21,54,11,0,0,18,7,0,15,23
Russell,John,25,93,348,315,35,76,21,2,13,60,0,1,25,103
Ruthven,Dick,35,6,1,1,0,0,0,0,0,0,0,0,0,1
Ryal,Mark,25,13,34,32,6,12,0,0,2,5,1,0,2,4
Ryan,Nolan,39,30,63,59,1,6,0,0,0,5,0,1,1,22
Sakata,Lenn,32,17,38,34,4,12,2,0,0,5,0,1,3,6
Salas,Mark,25,91,285,258,28,60,7,4,8,33,3,1,18,32
Salazar,Angel,24,117,313,298,24,73,20,2,0,24,1,1,7,47
Salazar,Luis,30,4,8,7,1,1,0,0,0,0,0,0,1,3
Sample,Billy,31,92,221,200,23,57,11,0,6,14,4,2,14,26
Samuel,Juan,25,145,633,591,90,157,36,12,16,78,42,14,26,142
Sanchez,Alejandro,27,8,17,16,1,2,0,0,0,1,0,0,1,8
Sandberg,Ryne,26,154,682,627,68,178,28,5,14,76,34,11,46,79
Sanderson,Scott,29,38,58,51,1,3,1,0,0,2,0,0,0,23
Santana,Rafael,28,139,436,394,38,86,11,0,1,28,0,0,36,43
Santiago,Benito,21,17,65,62,10,18,2,0,3,6,0,1,2,12
Sauveur,Rich,22,3,4,3,0,1,0,0,0,0,0,0,0,1
Sax,Dave,27,4,11,11,1,5,1,0,1,1,0,0,0,1
Sax,Steve,26,157,704,633,91,210,43,4,6,56,40,17,59,58
Schatzeder,Dan,31,58,31,26,5,10,2,1,1,2,0,0,5,10
Schelle Tarver,La,27,13,26,25,3,3,0,0,0,1,0,1,1,4
Schmidt,Mike,36,160,657,552,97,160,29,1,37,119,1,2,89,84
Schofield,Dick,23,139,529,458,67,114,17,6,13,57,23,5,48,55
Schroeder,Bill,27,64,237,217,32,46,14,0,7,19,1,0,9,59
Schu,Rick,24,92,233,208,32,57,10,1,8,25,2,2,18,44
Scioscia,Mike,27,122,449,374,36,94,18,1,5,26,3,3,62,23
Scott,Mike,31,38,107,95,7,12,2,0,0,3,0,0,2,48
Sebra,Bob,24,18,30,29,2,6,1,0,0,0,0,0,1,5
See,Larry,26,13,22,20,1,5,2,0,0,2,0,0,2,7
Seitzer,Kevin,24,28,116,96,16,31,4,1,2,11,0,0,19,14
Sheets,Larry,26,112,364,338,42,92,17,1,18,60,2,0,21,56
Shelby,John,28,135,428,404,54,92,14,4,11,49,18,6,18,75
Shepherd,Ron,25,65,73,69,16,14,4,0,2,4,0,0,3,22
Sheridan,Pat,28,98,262,236,41,56,9,1,6,19,9,2,21,57
Shields,Steve,27,6,1,1,0,0,0,0,0,0,0,0,0,1
Shipley,Craig,23,12,31,27,3,3,1,0,0,4,0,0,2,5
Show,Eric,30,24,47,43,2,7,2,0,0,1,0,0,1,14
Sierra,Ruben,20,113,411,382,50,101,13,10,16,55,7,8,22,65
Simmons,Ted,36,76,144,127,14,32,5,0,4,25,1,0,12,14
Sisk,Doug,28,41,4,4,0,0,0,0,0,0,0,0,0,2
Skinner,Joel,25,114,336,315,23,73,9,1,5,37,1,4,16,83
Slaton,Jim,36,1,0,0,0,0,0,0,0,0,0,0,0,0
Slaught,Don,27,95,341,314,39,83,17,1,13,46,3,2,16,59
Smalley,Roy,33,143,530,459,59,113,20,4,20,57,1,3,68,80
Smiley,John,21,12,0,0,0,0,0,0,0,0,0,0,0,0
Smith,Bryn,30,30,67,58,3,8,1,0,1,7,0,0,4,17
Smith,Dave,31,54,2,2,0,0,0,0,0,0,0,0,0,0
Smith,Lee,28,66,5,5,0,0,0,0,0,0,0,0,0,5
Smith,Lonnie,30,134,568,508,80,146,25,7,8,44,26,9,46,78
Smith,Mike,25,2,0,0,0,0,0,0,0,0,0,0,0,0
Smith,Ozzie,31,153,609,514,67,144,19,4,0,54,31,7,79,27
Smith,Zane,25,43,71,59,2,5,0,0,0,3,0,0,2,19
Snyder,Cory,23,103,433,416,58,113,21,1,24,69,2,3,16,123
Soff,Ray,27,30,3,2,0,0,0,0,0,0,0,0,0,2
Solano,Julio,26,16,7,6,0,0,0,0,0,0,0,0,0,5
Soto,Mario,29,20,33,27,2,3,1,0,0,1,0,0,0,6
Speck,Cliff,29,13,5,3,0,0,0,0,0,0,0,0,1,3
Speier,Chris,36,95,176,155,21,44,8,0,6,23,2,2,15,32
Spilman,Harry,31,82,159,143,18,39,9,0,5,30,0,0,15,21
St. Claire,Randy,25,11,2,1,0,0,0,0,0,0,0,0,0,1
Stanley,Mike,23,15,33,30,4,10,3,0,1,1,1,0,3,7
Stapleton,Dave,32,39,42,39,4,5,1,0,0,3,0,0,2,10
Stefero,John,26,52,137,120,14,28,2,0,2,13,0,1,16,25
Steinbach,Terry,24,6,16,15,3,5,0,0,2,4,0,0,1,0
Stenhouse,Mike,28,21,34,21,1,2,1,0,0,1,0,0,12,5
Stewart,Dave,29,8,0,0,0,0,0,0,0,0,0,0,0,0
Stieb,Dave,28,1,0,0,1,0,0,0,0,0,0,0,0,0
Stillwell,Kurt,21,104,315,279,31,64,6,1,0,26,6,2,30,47
Stoddard,Bob,29,18,1,1,0,0,0,0,0,0,0,0,0,1
Stoddard,Tim,33,30,4,4,1,1,0,0,1,1,0,0,0,2
Stone,Jeff,25,82,275,249,32,69,6,4,6,19,19,6,20,52
Strawberry,Darryl,24,136,562,475,76,123,27,5,27,93,28,12,72,141
Stubbs,Franklin,25,132,465,420,55,95,11,1,23,58,7,1,37,107
Sullivan,Marc,27,41,134,119,15,23,4,0,1,14,0,0,7,32
Sundberg,Jim,35,140,491,429,41,91,9,1,12,42,1,1,57,91
Sutcliffe,Rick,30,29,60,53,3,11,2,0,1,4,0,0,2,13
Sutter,Bruce,33,16,1,1,0,0,0,0,0,0,0,0,0,1
Sveum,Dale,22,91,356,317,35,78,13,2,7,35,4,3,32,63
Tabler,Pat,28,130,508,473,61,154,29,2,6,48,3,1,29,75
Tartabull,Danny,23,137,578,511,76,138,25,6,25,96,4,8,61,157
Taylor,Dwight,26,4,2,2,1,0,0,0,0,0,0,0,0,0
Tejada,Wilfredo,23,10,27,25,1,6,1,0,0,2,0,0,2,8
Tekulve,Kent,39,73,6,5,1,0,0,0,0,0,0,0,1,1
Templeton,Garry,30,147,549,510,42,126,21,2,2,44,10,5,35,86
Terry,Scott,26,30,6,4,3,1,0,0,0,0,0,0,1,1
Tettleton,Mickey,25,90,262,211,26,43,9,0,10,35,7,1,39,51
Teufel,Tim,27,93,318,279,35,69,20,1,4,31,1,2,32,42
Thomas,Andres,22,102,335,323,26,81,17,2,6,32,4,6,8,49
Thomas,Gorman,35,101,377,315,45,59,8,1,16,36,3,4,58,105
Thompson,Robby,24,149,615,549,73,149,27,3,7,47,12,15,42,112
Thompson,Jason,31,30,69,51,6,10,4,0,0,4,0,1,18,12
Thompson,Milt,27,96,332,299,38,75,7,1,6,23,19,4,26,62
Thon,Dickie,28,106,309,278,24,69,13,1,3,21,6,5,29,49
Thornton,Andre,36,120,475,401,49,92,14,0,17,66,4,1,65,67
Thurmond,Mark,29,18,26,24,0,6,1,0,0,6,0,0,0,3
Tibbs,Jay,24,36,62,54,2,7,1,0,0,0,0,0,4,31
Tillman,Rusty,25,22,42,39,6,10,1,0,1,6,2,0,3,11
Toliver,Freddie,25,5,8,6,0,0,0,0,0,0,1,0,1,1
Tolleson,Wayne,30,141,546,475,61,126,16,5,3,43,17,10,52,76
Tolman,Tim,30,16,43,34,4,6,1,0,0,2,1,1,6,4
Tomlin,Dave,37,7,0,0,0,0,0,0,0,0,0,0,0,0
Traber,Jim,24,65,240,212,28,54,7,0,13,44,0,0,18,31
Trammell,Alan,28,151,653,574,107,159,33,7,21,75,25,12,59,57
Trevino,Alex,28,89,233,202,31,53,13,0,4,26,0,0,27,35
Trillo,Manny,35,81,172,152,22,45,10,0,1,19,0,2,16,21
Trout,Steve,28,37,48,43,5,9,1,0,0,3,0,0,1,15
Tudor,John,32,30,87,72,6,11,1,0,0,6,0,0,1,22
Upshaw,Willie,29,155,661,573,85,144,28,6,9,60,23,5,78,87
Uribe,Jose,27,157,517,453,46,101,15,1,3,43,22,11,61,76
Valdez,Sergio,21,5,8,8,0,1,0,0,0,0,0,0,0,3
Valenzuela,Fernando,25,39,116,109,5,24,4,0,0,7,0,0,0,11
Valle,Dave,25,22,60,53,10,18,3,0,5,15,0,0,7,7
Van Gorder,Dave,29,9,11,10,0,0,0,0,0,0,0,0,1,2
Van Slyke,Andy,25,137,470,418,48,113,23,7,13,61,21,8,47,85
Vande Berg,Ed,27,60,1,1,0,0,0,0,0,0,0,0,0,1
Venable,Max,29,108,168,147,17,31,7,1,2,15,7,2,17,24
Virgil,Ozzie,29,114,431,359,45,80,9,0,15,48,1,0,63,73
Vosberg,Ed,24,5,2,2,0,0,0,0,0,0,0,0,0,1
Walk,Bob,29,44,42,39,2,6,3,0,0,7,0,2,1,11
Walker,Tony,26,84,101,90,19,20,7,0,2,10,11,3,11,15
Walker,Chico,28,28,112,101,21,28,3,2,1,7,15,4,10,20
Walker,Greg,26,78,316,282,37,78,10,6,13,51,1,2,29,44
Wallach,Tim,28,134,539,480,50,112,22,1,18,71,8,4,44,72
Walling,Denny,32,130,422,382,54,119,23,1,13,58,1,1,36,31
Walter,Gene,25,57,13,10,0,2,1,0,0,0,0,0,1,4
Ward,Duane,22,10,1,1,0,0,0,0,0,0,0,0,0,0
Ward,Gary,32,105,418,380,54,120,15,2,5,51,12,8,31,72
Washington,Ron,34,48,81,74,15,19,3,0,4,11,1,2,3,21
Washington,Claudell,31,94,297,272,36,69,16,0,11,30,10,8,21,59
Wasinger,Mark,24,3,9,8,0,0,0,0,0,1,0,0,0,2
Webster,Mitch,27,151,645,576,89,167,31,13,8,49,36,15,57,78
Wegman,Bill,23,2,0,0,1,0,0,0,0,0,0,0,0,0
Welch,Bob,29,35,86,76,2,8,0,0,1,4,0,0,4,23
Wellman,Brad,26,12,14,13,0,2,0,0,0,1,0,0,1,2
Welsh,Chris,31,24,48,42,3,5,2,0,1,4,1,0,2,19
Whitaker,Lou,29,144,651,584,95,157,26,6,20,73,13,8,63,70
White,Frank,35,151,620,566,76,154,37,3,22,84,4,4,43,88
White,Devon,23,29,57,51,8,12,1,1,1,3,6,0,6,8
White,Jerry,33,25,29,24,1,3,0,0,1,3,0,0,2,3
Whitfield,Terry,33,19,19,14,0,1,0,0,0,0,0,0,5,2
Whitson,Ed,31,17,20,18,1,3,0,0,0,0,0,0,0,8
Whitt,Ernie,34,131,433,395,48,106,19,2,16,56,0,1,35,39
Wiggins,Alan,28,71,270,239,30,60,3,1,0,11,21,7,22,20
Wilfong,Rob,32,92,316,288,25,63,11,3,3,33,1,4,16,34
Wilkerson,Curt,25,110,249,236,27,56,10,3,0,15,9,7,11,42
Willard,Jerry,26,75,193,161,17,43,7,0,4,26,0,1,22,28
Williams,Eddie,21,5,7,7,2,1,0,0,0,1,0,0,0,3
Williams,Frank,28,36,3,2,0,1,0,0,0,0,0,0,0,1
Williams,Ken,22,15,33,31,2,4,0,0,1,1,1,1,1,11
Williams,Reggie,25,128,338,303,35,84,14,2,4,32,9,3,23,57
Willis,Carl,25,29,4,3,0,1,0,0,0,0,0,0,0,0
Wilson,Glenn,27,155,639,584,70,158,30,4,15,84,5,1,42,91
Wilson,Mookie,30,123,416,381,61,110,17,5,9,45,25,7,32,72
Wilson,Willie,30,156,675,631,77,170,20,7,9,44,34,8,31,97
Wine,Robbie,23,9,13,12,2,3,1,0,0,0,0,0,1,4
Winfield,Dave,34,154,652,565,90,148,31,5,24,104,6,5,77,106
Winn,Jim,26,50,18,16,1,1,1,0,0,0,0,0,1,8
Winningham,Herm,24,90,204,185,23,40,6,3,4,11,12,7,18,51
Witt,Mike,25,1,0,0,0,0,0,0,0,0,0,0,0,0
Wohlford,Jim,35,70,106,94,10,25,4,2,1,11,0,2,9,17
Wojna,Ed,25,7,16,14,1,2,0,0,0,0,0,0,0,11
Woodard,Mike,26,48,90,79,14,20,2,1,1,5,7,2,10,9
Woods,Al,32,23,32,28,5,9,1,0,2,8,0,0,3,5
Worrell,Todd,26,74,7,7,0,1,0,1,0,0,0,0,0,5
Wright,George,27,105,245,223,22,45,8,3,2,12,4,6,15,51
Wright,Ricky,27,2,0,0,0,0,0,0,0,0,0,0,0,0
Wynegar,Butch,30,61,226,194,19,40,4,1,7,29,0,0,30,21
Wynne,Marvell,26,137,308,288,34,76,19,2,7,37,11,11,15,45
Yeager,Steve,37,50,146,130,10,27,2,0,2,12,0,0,12,23
Youmans,Floyd,22,33,82,75,4,12,0,0,1,7,0,0,5,29
Young,Mike,26,117,426,369,43,93,15,1,9,42,3,1,49,90
Young,Matt,27,1,0,0,0,0,0,0,0,0,0,0,0,0
Youngblood,Joel,34,97,208,184,20,47,12,0,5,28,1,1,18,34
Yount,Robin,30,140,595,522,82,163,31,7,9,46,14,5,62,73
Zuvella,Paul,27,21,57,48,2,4,1,0,0,2,0,0,5,4
